kw,count,%_Human_Min,%_Human_Mean,%_Human_Max,%_AI_Min,%_AI_Mean,%_AI_max
/lh meaning,15,0.0,63.6,99.9,0.0,15.3,56.5
2 pole breaker,8,0.0,57.5,100.0,0.0,15.3,74.8
205/75r14 trailer tire,7,0.0,42.2,97.5,0.0,21.4,78.5
21 lessons for the 21st century,11,0.0,77.6,100.0,0.0,7.1,42.8
3 subject notebook,8,0.0,39.5,100.0,0.0,10.5,70.6
3d scanner,17,0.0,83.7,100.0,0.0,10.8,48.7
4k projector,16,0.0,81.2,99.9,0.0,12.9,35.4
707 street,6,0.0,33.4,99.9,0.0,21.2,99.3
8th anniversary,17,3.1,84.4,100.0,0.0,15.6,96.9
8th year anniversary gift,19,22.3,89.5,100.0,0.0,10.5,77.7
9 year anniversary gift traditional and modern,16,0.0,82.8,100.0,0.0,11.3,71.4
a breath of snow and ashes,15,0.0,58.9,99.9,0.0,24.5,97.7
ab lounge,9,0.0,64.0,100.0,0.0,5.2,27.0
acid reflux treatment at home,18,49.9,92.1,100.0,0.0,7.9,50.1
aconite,16,0.0,81.5,100.0,0.0,7.4,50.7
activewear sets,11,0.0,68.6,100.0,0.0,16.0,97.9
adapalene and benzoyl peroxide gel,13,0.0,55.8,99.2,0.0,25.4,97.4
adhd and bipolar,19,50.5,85.3,99.9,0.1,14.7,49.5
adjustable facemask,17,0.0,64.4,99.2,0.0,20.6,94.5
advair inhaler,16,0.0,61.3,99.0,0.0,27.6,85.8
affordable wardrobe,10,0.0,68.3,100.0,0.0,15.1,94.0
affresh washing machine cleaner,4,0.0,62.2,99.8,0.0,4.4,14.1
afrobulk,9,0.0,33.4,98.2,0.0,30.9,99.9
agave plants,19,0.0,89.1,100.0,0.0,5.9,73.7
air duct cleaning,19,3.4,86.3,100.0,0.0,13.7,96.6
airsoft glock 18,18,0.0,71.9,99.7,0.0,22.8,99.4
aklief cream,14,0.0,62.6,97.8,0.0,30.8,97.4
aldactone,16,0.0,73.4,98.0,0.0,20.7,55.0
alkaline diet foods,17,60.0,90.5,100.0,0.0,9.5,40.0
all the queen's men,9,0.0,67.8,99.4,0.0,14.0,51.8
almond flour nutrition,11,0.0,69.1,99.7,0.0,15.5,99.9
almond milk nutrition facts,12,0.0,73.7,99.9,0.0,12.0,99.9
anillos de matrimonio,10,0.0,50.0,100.0,0.0,8.9,55.8
anime merch,9,0.0,30.9,99.2,0.0,25.4,99.9
ankle swelling causes,19,0.0,81.4,100.0,0.0,13.6,63.4
antherium,10,0.0,70.8,99.1,0.0,12.5,69.0
anthurium flower,18,0.0,92.6,99.9,0.0,2.1,11.0
are bananas good for dogs,20,17.2,89.6,100.0,0.0,10.4,82.8
are jalapenos good for you,20,16.9,85.7,100.0,0.0,14.3,83.1
are sesame seeds good for you,20,15.9,87.8,100.0,0.0,12.2,84.1
arnica cream,16,0.0,79.4,99.8,0.0,9.5,73.5
arnica montana,17,0.0,81.0,100.0,0.0,13.5,70.8
arthritis in feet,18,0.0,85.4,100.0,0.0,9.3,94.8
arthritis in neck,19,53.2,94.0,100.0,0.0,6.0,46.8
asystole meaning,15,0.0,73.2,100.0,0.0,10.1,56.5
auto upholstery,9,0.0,74.4,100.0,0.0,15.6,82.7
autumn joy sedum,17,0.0,77.1,100.0,0.0,12.4,48.9
avacado,5,0.0,30.8,99.7,0.0,10.8,64.1
average cost to finish a basement,18,80.6,95.0,100.0,0.0,5.0,19.4
avocado tree indoor,16,53.1,93.3,100.0,0.0,6.7,46.9
b12 vitamin benefits,18,0.0,79.5,99.9,0.0,15.2,78.8
baby blanket,9,0.0,59.5,100.0,0.0,9.8,46.8
baby chickens,18,0.0,76.6,100.0,0.0,13.4,85.8
baby nail clippers,13,0.0,62.6,100.0,0.0,9.6,58.2
baby's growth chart,19,48.4,87.4,100.0,0.0,12.6,51.6
babygirl nursery,15,0.0,78.7,99.9,0.0,15.1,70.1
backyard decor ideas,16,73.9,97.2,100.0,0.0,2.8,26.1
backyard fireplace,12,0.0,75.8,100.0,0.0,10.0,49.9
backyard umbrella,10,0.0,66.9,99.9,0.0,16.4,69.0
baclofen 20 mg,17,0.0,72.1,99.7,0.0,22.3,76.1
bad acne,17,62.0,90.9,99.7,0.3,9.1,38.0
bad cramps no period,20,64.8,91.3,100.0,0.0,8.7,35.2
bad news bears,12,0.0,75.5,100.0,0.0,10.2,49.4
baking soda and vinegar drain cleaner,18,0.4,85.3,100.0,0.0,14.7,99.6
bamba peanut butter puffs,6,0.0,64.4,99.8,0.0,10.6,41.5
banana trees,17,0.0,64.8,99.9,0.0,20.2,96.9
basement finishing,17,48.6,90.0,100.0,0.0,10.0,51.4
basil herb,17,0.0,89.2,100.0,0.0,5.2,73.1
basketball shorts,4,0.0,30.7,86.8,0.0,19.3,77.1
bath and body works halloween,11,0.0,72.6,100.0,0.0,12.0,63.5
bath mat,9,0.0,68.0,100.0,0.0,7.0,37.8
bathroom counter storage,10,0.0,58.7,100.0,0.0,7.9,62.3
bathroom sink drain stopper,9,0.0,36.8,99.8,0.0,27.5,95.9
battery jump starter,11,0.0,60.5,99.9,0.0,31.2,95.8
battery powered lawn mower reviews,15,58.6,92.5,99.8,0.2,7.5,41.4
beach home,12,0.0,62.8,100.0,0.0,12.2,99.9
beacon orthopaedics & sports medicine,8,0.0,57.4,100.0,0.0,4.2,28.2
beadboard wainscoting,11,0.0,81.1,100.0,0.0,3.5,20.7
bedroom closet closet ideas,14,86.6,97.7,100.0,0.0,2.3,13.4
bedspreads queen,7,0.0,38.1,100.0,0.0,15.8,92.7
bee and wasp stings,19,27.2,77.8,99.8,0.2,22.2,72.8
begonia rex,17,0.0,76.7,99.7,0.0,17.7,72.5
behind closed doors,8,0.0,52.8,99.2,0.0,8.8,75.2
bell's palsy causes,18,54.6,84.7,99.9,0.1,15.3,45.4
benadryl dosage for dogs,20,23.8,83.6,100.0,0.0,16.4,76.2
benefits of almond milk,19,46.3,92.0,100.0,0.0,8.0,53.7
benefits of green beans,19,3.3,82.0,100.0,0.0,18.0,96.7
benefits of sweet potatoes,20,57.0,91.6,100.0,0.0,8.4,43.0
bentgo,7,0.0,37.2,98.9,0.0,26.5,99.6
berry plastics,12,43.2,85.0,99.9,0.1,15.0,56.8
best app to sell stuff,18,50.5,85.8,99.8,0.2,14.2,49.5
best body pillow,20,73.9,94.0,99.9,0.1,6.0,26.1
best company for furniture,20,62.4,93.0,99.9,0.1,7.0,37.6
best cooling pillow,18,82.1,96.7,100.0,0.0,3.3,17.9
best deadbolt locks,18,73.6,91.7,99.2,0.8,8.3,26.4
best desk lamp,17,0.0,85.2,99.9,0.0,9.2,56.4
best dishwasher brand,20,79.4,95.4,99.7,0.3,4.6,20.6
best furniture store,20,35.3,83.5,100.0,0.0,16.5,64.7
best gas ranges,16,0.0,89.2,99.7,0.0,5.0,18.6
best handheld vacuum,19,41.9,90.5,99.9,0.1,9.5,58.1
best heart healthy foods,18,38.0,90.7,100.0,0.0,9.3,62.0
best indoor ant killer,20,40.7,86.7,99.7,0.3,13.3,59.3
best insulation for exterior walls,17,47.6,93.6,100.0,0.0,6.4,52.4
best interstate moving companies,18,44.3,88.9,100.0,0.0,11.1,55.7
best over the counter toenail fungus treatment,18,49.8,86.6,99.9,0.1,13.4,50.2
best paint for interior walls,15,0.0,80.6,99.9,0.0,13.1,61.3
best place to buy rugs,19,66.4,95.4,100.0,0.0,4.6,33.6
best pool vacuum for above ground pool,17,43.0,79.3,99.9,0.1,20.7,57.0
best pressure washer for home use,19,47.8,90.3,99.8,0.2,9.7,52.2
best shoe cleaner,19,48.5,86.1,100.0,0.0,13.9,51.5
best sleeping position for peripheral artery disease,18,20.9,87.1,100.0,0.0,12.9,79.1
best sources of calcium,20,54.7,92.2,100.0,0.0,7.8,45.3
best surge protector,14,48.4,89.4,100.0,0.0,10.6,51.6
best time to fertilize lawn,18,8.9,91.7,100.0,0.0,8.3,91.1
best time to plant trees,18,0.0,82.7,100.0,0.0,12.1,100.0
best vaccuum,13,0.0,82.4,99.9,0.0,10.5,79.8
best vacuum brand,19,82.4,95.1,99.9,0.1,4.9,17.6
best way to organize closet,16,0.0,93.3,100.0,0.0,0.8,5.7
beta alanine,18,0.0,85.3,99.9,0.0,9.5,31.0
bifocal sunglasses,12,0.0,70.3,100.0,0.0,4.7,24.5
bike bag,14,0.0,57.5,99.7,0.0,12.5,55.9
bike racks,16,0.0,67.1,99.5,0.0,17.1,82.9
bilateral pneumonia,19,0.0,77.9,99.8,0.0,17.1,98.4
binaural,14,0.0,66.9,100.0,0.0,15.4,58.2
biofreeze roll on,9,0.0,53.4,99.9,0.0,10.9,91.7
biogesic,10,0.0,46.4,100.0,0.0,30.5,100.0
birth control for men,18,39.0,86.5,100.0,0.0,13.5,61.0
birthday balloons,14,0.0,73.4,99.9,0.0,8.9,58.6
birthday cards,13,0.0,68.5,100.0,0.0,12.8,76.5
bissell big green machine,10,0.0,68.6,100.0,0.0,8.3,62.9
black bikini top,6,0.0,46.1,100.0,0.0,8.4,42.7
black coffee benefits,20,52.3,82.4,100.0,0.0,17.6,47.7
black overalls womens,6,0.0,42.9,99.9,0.0,7.1,63.0
black platform sneakers,7,0.0,43.5,98.7,0.0,10.4,27.7
black rooms,16,0.0,89.6,100.0,0.0,4.5,49.3
black slacks women,7,0.0,51.4,99.9,0.0,12.3,63.9
block wall,8,0.0,62.3,99.9,0.0,4.4,17.7
blood clot in the knee,19,36.1,86.9,100.0,0.0,13.1,63.9
blood lily,16,0.0,87.9,100.0,0.0,6.3,58.7
blood pressure range,20,55.0,87.4,99.8,0.2,12.6,45.0
bloodstone benefits,17,0.0,70.0,99.9,0.0,19.4,95.7
bloody gums,20,22.9,86.8,100.0,0.0,13.2,77.1
bloomchic,8,0.0,52.3,99.7,0.0,14.4,77.4
blue bathroom,14,38.7,86.4,100.0,0.0,13.6,61.3
blue mist flower,16,0.0,81.9,100.0,0.0,2.3,17.0
bluetooth sunglasses,10,0.0,50.3,100.0,0.0,12.2,96.0
blushing philodendron,13,0.0,71.2,99.9,0.0,10.0,63.9
boho bed,11,0.0,70.7,99.9,0.0,13.9,56.5
botas,8,0.0,25.2,99.1,0.0,21.9,76.1
boxelder maple,18,46.7,93.3,100.0,0.0,6.7,53.3
breast pain,18,0.0,71.3,99.9,0.0,23.4,95.3
brine tank,12,0.0,62.0,100.0,0.0,4.7,62.2
brow lamination kit,17,0.0,81.5,99.9,0.0,8.0,52.2
brown house spiders,18,0.0,85.7,99.8,0.0,9.1,49.0
brown recluse bites,19,30.8,87.8,99.9,0.1,12.2,69.2
bruise like spots on skin that aren't bruises,20,58.3,82.4,100.0,0.0,17.6,41.7
brutal prince,9,0.0,39.0,100.0,0.0,17.3,97.1
bubble gun,13,0.0,39.4,99.3,0.0,32.8,99.2
buchona,8,0.0,37.6,99.8,0.0,19.5,68.3
bug zapper,12,0.0,79.5,99.9,0.0,6.2,26.1
built in coffee maker,14,0.0,69.2,99.9,0.0,18.3,72.1
bukakke,10,0.0,61.6,100.0,0.0,5.1,51.1
bull horns,15,0.0,60.6,99.9,0.0,22.7,96.9
bumex,18,0.0,70.8,99.6,0.0,23.9,69.6
bump eraser body scrub,8,0.0,59.0,95.8,0.0,13.7,43.2
bumps under eyelid,19,0.0,79.8,99.8,0.0,15.2,76.3
bunny cage,10,0.0,58.5,99.0,0.0,12.9,74.8
burning bush shrub,18,0.0,77.5,100.0,0.0,17.2,99.0
burro's tail plant,19,0.0,87.9,99.9,0.0,7.1,53.8
bursitis knee treatment,18,57.1,86.6,99.6,0.4,13.4,42.9
cabinet handle placement,17,50.8,89.3,99.8,0.2,10.7,49.2
cabinets for laundry room,10,0.0,65.9,100.0,0.0,25.0,95.6
california king bed frame,7,0.0,41.5,94.4,0.0,28.5,68.3
call rick,12,0.0,54.4,99.9,0.0,20.6,76.1
can dogs eat fruit,19,46.5,92.1,99.9,0.1,7.9,53.5
can men get utis,19,50.0,87.5,99.9,0.1,12.5,50.0
can weed cause lung cancer,19,57.5,88.2,99.9,0.1,11.8,42.5
canvas sneakers,12,0.0,58.5,99.9,0.0,21.5,71.5
capstar for dogs,13,0.0,79.9,99.9,0.0,13.0,55.3
car shade,10,0.0,53.6,100.0,0.0,8.9,56.2
card shuffler,12,0.0,60.2,99.8,0.0,14.8,79.9
cardboard shredder,14,0.0,81.2,100.0,0.0,12.2,81.8
carespot urgent care of,10,0.0,60.3,99.8,0.0,6.3,75.3
casaluna towels,10,0.0,64.6,99.7,0.0,6.8,31.5
casodex,18,33.7,81.5,98.3,1.7,18.5,66.3
caster oil,16,11.2,77.5,99.9,0.1,22.5,88.8
catch flies,14,0.0,70.0,100.0,0.0,17.5,93.4
catherines,9,0.0,53.2,100.0,0.0,11.1,68.1
causes of fatty liver,19,5.5,71.1,99.8,0.2,28.9,94.5
ceiling fan pull chain switch,5,0.0,31.6,97.0,0.0,10.1,50.2
central sleep apnea,18,55.7,89.6,99.8,0.2,10.4,44.3
ceramic floor tile,12,0.0,74.9,99.9,0.0,10.8,59.1
cheap greenhouse,13,65.3,95.4,100.0,0.0,4.6,34.7
cheap heated blankets,12,0.0,67.2,99.9,0.0,12.8,80.2
cheap polarized sunglasses,15,0.0,79.7,99.9,0.0,8.6,40.7
cheap squishmallows,12,0.0,59.6,99.7,0.0,32.7,94.9
cheaper by the dozen 2,16,0.0,80.5,100.0,0.0,13.6,98.2
chelone,16,0.0,75.3,100.0,0.0,8.9,87.4
chicken feeder,13,0.0,71.8,100.0,0.0,14.8,69.5
chicken nesting boxes,13,0.0,64.4,99.9,0.0,22.3,86.4
childproof outlet covers,14,0.0,78.4,100.0,0.0,9.1,49.0
chloraseptic spray,5,0.0,54.2,99.8,0.0,8.3,40.4
chlorophyll supplement,16,0.0,75.3,100.0,0.0,18.8,63.5
chokecherries,14,0.0,80.3,100.0,0.0,2.1,12.7
choline benefits,20,45.6,85.8,100.0,0.0,14.2,54.4
cinderella 2021,12,0.0,80.3,100.0,0.0,5.4,44.1
ciprofloxacin hcl,12,0.0,67.8,100.0,0.0,17.9,50.9
citrine spiritual meaning,18,2.7,79.6,100.0,0.0,20.4,97.3
clean blackstone griddle,16,0.0,65.8,98.6,0.0,28.3,90.3
clean dirty dishwasher magnet,13,0.0,60.1,100.0,0.0,16.4,96.7
cleaning dryer,17,85.7,97.7,100.0,0.0,2.3,14.3
clear fruit water,5,0.0,23.5,80.2,0.0,21.9,67.5
clear scorpion,16,0.0,70.4,99.8,0.0,18.5,65.7
climbing jasmine,16,13.0,91.4,100.0,0.0,8.6,87.0
climbing sticks,10,0.0,53.6,99.0,0.0,13.1,81.6
clindamycin 300mg capsules,16,0.0,70.4,99.2,0.0,23.7,82.0
clindamycin phosphate topical solution,13,0.0,57.4,98.6,0.0,29.3,97.2
clip fan,5,0.0,49.4,99.9,0.0,0.6,2.2
clothes folding table,8,0.0,35.0,98.9,0.0,22.2,98.8
clp gun cleaner,14,0.0,60.3,100.0,0.0,17.4,89.8
coach slides women,5,0.0,31.0,99.3,0.0,10.6,90.4
coat hooks,10,0.0,65.9,100.0,0.0,11.1,67.4
cod nutrition,14,0.0,68.2,99.9,0.0,14.1,87.6
coffe plant,12,0.0,56.5,99.9,0.0,14.1,96.9
coffee table decor ideas,15,58.5,90.4,100.0,0.0,9.6,41.5
coleus annual or perennial,19,87.7,97.7,100.0,0.0,2.3,12.3
colorado spruce,16,0.0,88.1,100.0,0.0,6.0,54.3
common window sizes,19,7.1,81.5,99.9,0.1,18.5,92.9
compazine side effects,18,0.5,74.9,100.0,0.0,25.1,99.5
composite wood decking,16,0.0,89.3,100.0,0.0,4.8,27.7
compost bin diy,15,64.2,91.8,100.0,0.0,8.2,35.8
composting toilet,17,0.0,76.3,99.9,0.0,18.2,99.3
compression ankle socks,14,0.0,63.6,99.9,0.0,14.2,77.6
congestive heart failure treatment,20,40.0,76.6,98.9,1.1,23.4,60.0
contorted filbert,14,0.0,61.8,100.0,0.0,11.9,85.2
cooling towel,8,0.0,40.8,99.9,0.0,9.2,95.6
corn benefits,19,43.6,84.1,100.0,0.0,15.9,56.4
corner chair,7,0.0,46.9,100.0,0.0,3.1,26.1
corner decor,11,0.0,75.2,99.9,0.0,9.4,58.6
corner shelf,11,0.0,69.1,99.9,0.0,9.5,63.2
cotton bed sheets,9,0.0,60.7,100.0,0.0,3.6,26.1
cotton sheet sets,12,0.0,74.2,99.8,0.0,11.5,82.9
countertop laminate resurfacing,13,86.6,97.6,100.0,0.0,2.4,13.4
covid deaths 2021,19,47.0,84.2,99.8,0.2,15.8,53.0
covid stomach issues,16,35.8,88.2,100.0,0.0,11.8,64.2
cow print bathing suit,11,0.0,34.8,99.9,0.0,38.6,99.9
cozy apartment living room ideas,15,59.5,92.5,100.0,0.0,7.5,40.5
crabgrass killer,14,0.0,70.1,100.0,0.0,12.2,43.5
cramp bark,18,0.0,90.7,100.0,0.0,4.0,26.8
crassula plant,19,0.0,73.8,99.9,0.0,21.2,97.6
creative 16th birthday gift ideas,19,15.6,82.5,100.0,0.0,17.5,84.4
crossandra plant,17,33.6,93.5,100.0,0.0,6.5,66.4
ct scan with contrast,20,35.9,86.5,99.8,0.2,13.5,64.1
cuisinart ice cream maker,12,0.0,52.6,99.9,0.0,22.4,95.7
curbless shower ideas,16,8.3,71.5,100.0,0.0,28.5,91.7
cute bags,12,0.0,64.4,99.7,0.0,27.9,68.5
cute black girs,8,0.0,50.4,99.9,0.0,11.1,61.9
cutting boards,12,0.0,84.1,99.9,0.0,1.6,6.2
d dimer,17,48.3,77.0,99.4,0.6,23.0,51.7
d20,15,0.0,66.0,99.9,0.0,22.2,96.9
danos seasoning,5,0.0,27.0,98.6,0.0,14.6,88.3
dark living room ideas,16,49.8,95.4,100.0,0.0,4.6,50.2
dark period blood meaning,20,90.1,97.8,99.9,0.1,2.2,9.9
deacon king kong,12,0.0,67.2,99.9,0.0,12.8,50.6
deal of the day,7,0.0,37.4,98.0,0.0,16.5,96.6
deck box,7,0.0,46.6,99.7,0.0,17.0,89.7
deck painting,15,56.8,91.7,100.0,0.0,8.3,43.2
decks and patios,15,0.0,83.9,99.9,0.0,4.3,28.9
demogorgon funko pop,6,0.0,37.2,97.4,0.0,12.8,62.7
desenex cream,18,0.0,84.7,99.9,0.0,10.0,47.9
dexamethasone 4 mg tablet,15,3.5,62.5,99.4,0.6,37.5,96.5
diabetic foot,18,4.9,76.1,99.9,0.1,23.9,95.1
diastasis,18,4.2,90.1,99.9,0.1,9.9,95.8
difference between virus and bacteria,20,47.0,83.7,99.9,0.1,16.3,53.0
diphenhydramine citrate,9,0.0,80.8,99.9,0.0,9.2,32.5
dissolving swim trunks,11,0.0,60.0,99.9,0.0,13.3,99.1
diy grill station,13,0.0,67.1,100.0,0.0,19.6,96.3
do antidepressants cause weight gain,17,52.2,87.2,99.9,0.1,12.8,47.8
do roosters lay eggs,18,0.0,85.9,100.0,0.0,8.9,95.2
dockers shorts,10,0.0,34.7,100.0,0.0,24.2,90.0
does cannabidiol have thc,19,31.5,77.3,99.5,0.5,22.7,68.5
does coffee stunt your growth,17,0.0,88.0,100.0,0.0,6.5,56.1
does compound w work,13,0.0,68.4,99.2,0.0,18.3,76.5
dog separation anxiety,19,0.0,87.3,100.0,0.0,7.7,97.0
dog treats,15,0.0,71.7,99.9,0.0,16.5,62.9
doorbell,15,0.0,82.9,99.5,0.0,10.8,42.6
dorm organization,15,0.0,78.1,100.0,0.0,10.1,48.3
dorm storage ideas,16,0.0,87.8,100.0,0.0,6.3,29.5
doxycycline hyc,14,2.4,71.7,99.7,0.3,28.3,97.6
drag race all stars 7,14,0.0,68.8,100.0,0.0,18.7,96.3
drain hose washing machine,11,0.0,58.8,99.2,0.0,14.6,78.3
dress belt,10,0.0,45.4,99.9,0.0,31.5,95.9
dri fit polo shirts,10,0.0,46.4,99.1,0.0,12.4,88.3
drinking too much water symptoms,20,37.5,92.8,100.0,0.0,7.2,62.5
driving simulator,16,0.0,67.9,99.9,0.0,16.3,85.2
drop in range,10,0.0,56.4,100.0,0.0,15.0,74.9
drugs for adhd,17,0.0,76.0,99.8,0.0,18.5,40.6
dry scalp treatment,18,0.0,83.7,99.9,0.0,11.0,49.4
drying rack,11,0.0,54.5,99.8,0.0,24.0,97.5
dt770,10,0.0,70.1,100.0,0.0,6.8,26.3
dysania,12,0.0,66.0,99.9,0.0,19.7,88.0
eaglemoss star trek,10,0.0,50.0,99.6,0.0,16.7,100.0
ear eczema,18,0.0,76.6,100.0,0.0,18.1,81.2
ear irrigation kit,12,0.0,73.6,100.0,0.0,18.7,72.4
early stage blood clot in foot pictures,17,0.0,67.4,100.0,0.0,27.1,96.9
eating placenta,19,59.8,92.0,100.0,0.0,8.0,40.2
ebony thin,7,0.0,37.0,99.9,0.0,13.0,88.1
ecr,15,0.0,76.3,99.9,0.0,11.9,76.7
eczema on face pictures,18,0.0,77.8,99.7,0.0,17.0,93.5
eczema pictures on adults,20,55.6,87.7,99.7,0.3,12.3,44.4
eeg test,19,3.1,77.1,99.6,0.4,22.9,96.9
efavirenz,14,0.0,60.1,98.1,0.0,17.7,55.7
effects of molly,17,0.0,79.3,100.0,0.0,5.7,71.1
elderberry bush,19,2.3,81.2,100.0,0.0,18.8,97.7
electric dryer,9,0.0,57.5,100.0,0.0,17.5,99.1
elephant ear,19,0.0,87.2,100.0,0.0,7.8,81.8
emulsion de scott,10,0.0,33.2,99.5,0.0,25.7,96.7
english roses,17,0.0,88.1,100.0,0.0,6.3,48.8
epiduo,14,0.0,64.9,99.2,0.0,17.5,74.2
evening primrose oil pregnancy,15,28.1,83.8,99.9,0.1,16.2,71.9
excessive belching,20,63.6,95.1,100.0,0.0,4.9,36.4
exercises for osteoporosis,16,0.0,73.6,100.0,0.0,20.5,95.3
exfoliating brush,12,0.0,57.8,100.0,0.0,12.8,91.8
exotic angel plant,10,0.0,80.0,99.9,0.0,10.9,51.3
exterior stair railing code,12,0.0,67.5,99.9,0.0,7.5,52.0
extreme tiredness,18,0.0,70.3,100.0,0.0,19.7,56.8
fake belly button piercing,10,0.0,55.0,99.4,0.0,11.7,99.9
fashion backpacks,14,39.6,82.2,99.9,0.1,17.8,60.4
fat foods,20,34.6,91.4,99.9,0.1,8.6,65.4
fat tire electric bike,15,0.0,66.9,99.6,0.0,12.0,96.6
feeling insecure,18,0.0,84.9,99.9,0.0,9.8,43.0
feldene,15,0.0,67.9,99.2,0.0,20.4,65.1
fexofenadine hcl 180 mg,13,0.0,59.3,99.5,0.0,22.0,61.5
fiddle leaf,18,79.6,96.0,99.9,0.1,4.0,20.4
fig leaf tree,17,52.0,96.0,100.0,0.0,4.0,48.0
first frost date,14,0.0,75.5,100.0,0.0,6.9,48.2
flower hair clips,11,0.0,37.7,99.8,0.0,27.0,97.3
fluoride mouthwash,16,0.0,81.4,100.0,0.0,12.7,53.5
flying red ants,19,4.1,83.6,100.0,0.0,16.4,95.9
food high in potassium,19,0.0,82.2,100.0,0.0,12.8,51.5
foods rich in iron,19,0.0,85.1,99.9,0.0,9.9,47.0
foods to avoid with fatty liver,19,0.0,74.4,99.7,0.0,20.6,88.6
foot orthotics,17,0.0,90.5,100.0,0.0,3.9,28.9
four way switch,12,0.0,85.9,99.9,0.0,6.4,27.4
foxglove care,19,11.6,94.5,100.0,0.0,5.5,88.4
fpv drone,15,0.0,71.9,99.8,0.0,21.8,92.9
frameless shower door,12,0.0,72.6,99.9,0.0,7.4,42.3
free dirt near me,13,0.0,81.7,100.0,0.0,4.9,36.7
free paint samples,14,0.0,60.6,100.0,0.0,32.7,86.4
fruit flies trap,15,51.6,88.2,100.0,0.0,11.8,48.4
full grown hibiscus tree,19,29.6,91.7,99.9,0.1,8.3,70.4
full size mattress in a box,10,0.0,66.2,99.9,0.0,17.2,97.8
fungal folliculitis,14,0.0,76.6,99.9,0.0,16.7,67.9
funko mystery minis,7,0.0,50.2,98.5,0.0,19.8,58.0
g 035 pill,18,48.5,81.7,99.9,0.1,18.3,51.5
gaba supplement benefits,20,47.1,84.9,99.9,0.1,15.1,52.9
gabapentin 300mg,16,38.6,78.5,97.9,2.1,21.5,61.4
galaxy a13 5g,9,0.0,46.5,99.8,0.0,13.5,61.2
galaxy watch active 2,15,0.0,77.4,99.3,0.0,16.3,73.9
garden cosmos,18,0.0,88.3,100.0,0.0,1.7,11.5
garden croton,16,74.6,96.0,100.0,0.0,4.0,25.4
garmin epix 2,16,52.6,88.1,99.6,0.4,11.9,47.4
gas leak detector,14,0.0,73.4,100.0,0.0,8.9,52.3
gazebo kits,16,0.0,85.5,99.8,0.0,8.6,40.5
genetic testing during pregnancy,20,23.1,80.3,99.9,0.1,19.7,76.9
geodon,16,19.2,82.6,99.6,0.4,17.4,80.8
gestalt therapy,17,0.0,82.7,100.0,0.0,11.7,29.8
getting rid of ants,18,0.0,85.2,99.9,0.0,9.6,66.2
gifts for 4 year olds,16,0.0,85.3,99.9,0.0,8.8,47.0
glamorous black and white bathroom,15,0.0,83.8,100.0,0.0,10.0,46.7
glass door repair,18,0.0,88.1,100.0,0.0,6.7,30.1
glassware sets,7,0.0,50.5,99.8,0.0,19.5,92.4
glitter heels,8,0.0,31.5,99.7,0.0,30.1,91.1
goat weed,17,0.0,68.3,99.3,0.0,26.1,95.0
goji berries,17,0.0,79.6,100.0,0.0,14.9,86.1
gold belt,9,0.0,45.4,99.8,0.0,14.6,60.7
golo weight loss reviews,18,25.8,83.3,99.8,0.2,16.7,74.2
gonal f,15,0.0,65.8,97.9,0.0,28.0,96.1
gothic rings,14,0.0,33.7,93.4,0.0,44.1,100.0
green board,13,54.5,92.1,100.0,0.0,7.9,45.5
green hummingbird,16,39.7,89.7,99.9,0.1,10.3,60.3
green iphone 13,15,0.0,72.6,100.0,0.0,21.2,99.5
green leafy vegetables,19,53.3,91.5,100.0,0.0,8.5,46.7
green plants outdoor,15,79.1,98.2,100.0,0.0,1.8,20.9
ground level deck framing plans,14,75.2,93.3,100.0,0.0,6.7,24.8
grout haze,17,91.9,98.7,100.0,0.0,1.3,8.1
gtx 1070,10,0.0,58.0,98.9,0.0,8.7,64.5
gut dysbiosis,16,1.1,69.4,98.9,1.1,30.6,98.9
hair trimmers for men,14,0.0,75.2,99.8,0.0,7.2,58.3
hand soap dispenser,12,0.0,61.6,99.7,0.0,18.4,68.3
hanging bird bath,7,0.0,47.7,100.0,0.0,6.2,74.2
hanging hammock chair,10,0.0,61.6,99.9,0.0,9.9,66.6
hanging hummingbird nest,15,0.0,68.5,100.0,0.0,19.7,84.0
hardwood floor installation cost,15,85.8,95.6,100.0,0.0,4.4,14.2
harlequin glorybower,17,0.0,85.9,100.0,0.0,3.6,29.5
hashimoto diet,18,26.0,83.9,99.9,0.1,16.1,74.0
health benefits of green tea,17,2.3,73.7,99.6,0.4,26.3,97.7
health benefits of honey,19,68.2,90.5,100.0,0.0,9.5,31.8
heart purse,5,0.0,25.3,100.0,0.0,5.9,60.0
heartburn treatment,20,38.5,88.4,100.0,0.0,11.6,61.5
heat resistant gloves,11,0.0,58.9,99.9,0.0,14.5,72.2
heavy duty dog crate,10,0.0,56.2,98.8,0.0,10.4,33.0
hens and chicks,18,0.0,83.1,100.0,0.0,11.7,86.3
herbalist,17,0.0,78.7,99.9,0.0,15.7,97.3
hexahydrocannabinol,18,20.0,87.7,99.8,0.2,12.3,80.0
hey bear sensory,7,0.0,42.5,99.8,0.0,21.1,76.3
hidden fates elite trainer box,7,0.0,42.9,99.8,0.0,10.9,72.2
hideaway bed,9,0.0,70.2,100.0,0.0,4.8,51.4
high mch,20,35.9,79.8,100.0,0.0,20.2,64.1
high waisted black pants,10,0.0,64.6,100.0,0.0,18.8,92.8
high waisted swim shorts,11,0.0,62.5,99.2,0.0,16.1,71.3
high waisted work pants,8,0.0,69.2,100.0,0.0,10.8,50.5
his and hers wedding bands,16,0.0,57.4,99.9,0.0,26.8,95.4
hit clips,9,0.0,52.6,100.0,0.0,7.4,78.0
hives from sun,20,58.2,88.1,100.0,0.0,11.9,41.8
home office chair,8,0.0,56.0,99.9,0.0,5.6,26.1
home remodeling companies,18,11.3,84.3,99.9,0.1,15.7,88.7
hoochie shorts,12,0.0,61.6,100.0,0.0,18.4,99.9
hoodies for men,10,0.0,68.7,98.8,0.0,22.2,86.5
horny goat weed side effects,20,5.0,72.7,99.3,0.7,27.3,95.0
hose head,11,0.0,58.2,98.7,0.0,15.1,56.4
hot tub steps,11,0.0,58.8,100.0,0.0,14.5,82.0
hot tub vs jacuzzi,18,66.8,93.6,100.0,0.0,6.4,33.2
house cleaning schedule,19,68.4,93.6,100.0,0.0,6.4,31.6
house dresses for women,13,0.0,73.7,100.0,0.0,7.5,67.1
how do you get rid of carpenter ants,17,0.0,81.1,100.0,0.0,13.4,93.4
how do you get tonsil stones,20,17.5,89.1,100.0,0.0,10.9,82.5
how does a self cleaning oven work,18,53.6,91.6,100.0,0.0,8.4,46.4
how long after being exposed to covid,19,0.0,59.0,98.5,0.0,36.0,94.8
how long do petunias last,17,68.1,96.2,100.0,0.0,3.8,31.9
how long does it take for magnesium citrate to work,16,0.0,68.9,99.8,0.0,20.0,69.5
how long does nicotine stay on your system,19,25.0,84.8,99.8,0.2,15.2,75.0
how many grams of creatine a day,17,0.0,82.3,99.6,0.0,12.1,46.0
how much does a hummingbird weigh,18,0.0,80.6,100.0,0.0,9.4,94.8
how much sleep is too much,20,34.7,85.9,99.9,0.1,14.1,65.3
how often do orchids bloom,17,0.0,79.0,100.0,0.0,10.4,65.2
how to alleviate lower back pain,20,29.0,78.6,99.7,0.3,21.4,71.0
how to attract bees,16,0.0,84.3,100.0,0.0,9.8,47.1
how to clean a shower head,17,91.8,97.8,100.0,0.0,2.2,8.2
how to clean blackstone griddle,17,0.0,59.8,98.6,0.0,34.6,91.9
how to clean blinds easily,15,80.6,97.1,100.0,0.0,2.9,19.4
how to clean coffee maker with vinegar,15,79.0,95.7,100.0,0.0,4.3,21.0
how to clean fabric couch,18,51.4,92.5,100.0,0.0,7.5,48.6
how to clean leather furniture,19,42.3,95.6,100.0,0.0,4.4,57.7
how to clean makeup brushes,17,3.1,91.4,100.0,0.0,8.6,96.9
how to clean my hair brush,17,88.5,96.9,100.0,0.0,3.1,11.5
how to clean your ears,18,0.0,86.5,100.0,0.0,8.2,49.2
how to combine tile and wood flooring,15,76.6,93.0,100.0,0.0,7.0,23.4
how to deadhead canna lilies,12,49.9,92.5,100.0,0.0,7.5,50.1
how to deodorize carpet,19,88.5,98.2,100.0,0.0,1.8,11.5
how to dry shoes in dryer,15,0.0,75.9,100.0,0.0,12.3,73.4
how to finish concrete,17,0.0,89.8,100.0,0.0,4.7,30.2
how to get rid of a charlie horse,18,60.5,92.4,100.0,0.0,7.6,39.5
how to get rid of ants in the house,17,0.0,84.4,99.8,0.0,10.1,66.2
how to get rid of cats,16,0.0,87.4,100.0,0.0,6.7,29.8
how to get rid of chigger bites,19,0.0,87.9,100.0,0.0,7.1,40.0
how to get rid of musty smell,20,21.6,93.5,100.0,0.0,6.5,78.4
how to get rid of pill bugs,18,36.2,88.9,100.0,0.0,11.1,63.8
how to get rid of potato bugs,18,74.3,94.3,100.0,0.0,5.7,25.7
how to get rid of warts,18,22.7,76.1,100.0,0.0,23.9,77.3
how to get rust stains out of clothes,19,43.8,89.1,100.0,0.0,10.9,56.2
how to increase leptin,16,15.6,79.7,98.8,1.2,20.3,84.4
how to induce labor at home,17,43.6,91.4,100.0,0.0,8.6,56.4
how to install carpet,17,57.7,95.3,100.0,0.0,4.7,42.3
how to install ceiling light,14,72.0,93.4,99.7,0.3,6.6,28.0
how to iron pants,18,8.1,85.2,99.9,0.1,14.8,91.9
how to keep flowers fresh,18,0.0,86.6,100.0,0.0,3.4,21.1
how to make a chicken coop,16,51.8,89.5,100.0,0.0,10.5,48.2
how to make disinfectant wipes,18,65.3,95.1,100.0,0.0,4.9,34.7
how to mount a tv on the wall,13,37.3,84.0,99.8,0.2,16.0,62.7
how to paint paneling,16,52.2,90.0,100.0,0.0,10.0,47.8
how to relieve nerve pain in leg,17,60.0,89.2,99.9,0.1,10.8,40.0
how to remove a tub drain,14,6.4,71.2,99.7,0.3,28.8,93.6
how to remove oil from clothes,18,79.1,96.9,100.0,0.0,3.1,20.9
how to remove spray paint,16,52.4,93.3,99.9,0.1,6.7,47.6
how to repaint a dresser,15,0.0,85.7,99.8,0.0,8.1,67.1
how to repair a hole in drywall,14,0.0,89.2,100.0,0.0,4.1,18.5
how to stop stomach cramps,20,52.2,86.9,100.0,0.0,13.1,47.8
how to take care of chickens,15,60.8,91.4,99.9,0.1,8.6,39.2
how to treat sunburn,20,66.5,94.2,100.0,0.0,5.8,33.5
how to wash birkenstocks,17,0.0,89.3,100.0,0.0,5.1,16.1
how to wet sand,17,2.2,86.3,100.0,0.0,13.7,97.8
hoya flower,18,25.6,94.7,100.0,0.0,5.3,74.4
hoya heart,18,34.5,93.1,100.0,0.0,6.9,65.5
hoya rope,14,0.0,83.6,100.0,0.0,3.9,30.5
hs,17,0.0,65.7,99.4,0.0,19.3,99.2
hunting knife,14,0.0,71.1,97.9,0.0,16.4,100.0
hydrogen peroxide for cleaning,20,50.9,88.4,99.9,0.1,11.6,49.1
hydroxyzine 10mg,17,13.4,67.8,98.7,1.3,32.2,86.6
hypnotherapy,19,72.4,93.7,100.0,0.0,6.3,27.6
hypothyroidism tsh levels,19,50.3,90.4,99.7,0.3,9.6,49.7
i haven't pooped in 3 days,17,0.0,82.8,100.0,0.0,6.7,42.4
i need to get pregnant this month,17,0.0,80.6,99.6,0.0,13.9,59.3
ice cooler,11,0.0,53.9,99.6,0.0,19.4,94.1
ice pack for knee,12,0.0,70.6,99.8,0.0,9.4,49.9
idiopathic hypersomnia,16,0.0,77.3,99.7,0.0,16.8,75.7
immune disorders,17,0.0,75.9,99.8,0.0,13.6,58.4
indigestion symptoms,20,22.4,89.9,99.9,0.1,10.1,77.6
indoor mosquito trap,14,0.0,80.4,100.0,0.0,7.1,35.3
inexpensive desert landscaping ideas,15,51.6,87.6,100.0,0.0,12.4,48.4
infantigo,19,0.0,77.0,99.8,0.0,18.0,54.7
infected dog glands,19,0.0,80.0,100.0,0.0,15.0,87.0
infrared thermometer,11,0.0,53.7,99.6,0.0,15.0,98.5
instant erection pills,17,0.0,78.8,99.6,0.0,15.6,36.1
interior stair railing systems,11,0.0,76.4,99.9,0.0,8.2,65.7
international calling cards,14,59.0,88.2,98.9,1.1,11.8,41.0
inverted nipple meaning,16,0.0,79.6,100.0,0.0,9.3,92.8
iodized salt,14,0.0,79.9,99.9,0.0,13.4,47.8
iphone 12 pro max case,14,0.0,61.8,99.5,0.0,16.0,96.2
ipl facial,19,66.8,92.7,99.9,0.1,7.3,33.2
ipod pro case,13,0.0,54.7,99.9,0.0,26.5,93.9
ipratropium bromide,16,0.0,74.7,99.9,0.0,14.2,44.4
irrigation system repair,13,0.0,73.6,99.8,0.0,19.3,96.9
is a wolf spider poisonous,15,2.6,76.0,99.6,0.4,24.0,97.4
is norovirus airborne,18,5.9,84.6,100.0,0.0,15.4,94.1
is seaweed salad healthy,19,0.0,80.6,99.9,0.0,14.4,92.7
is sleep apnea dangerous,20,58.1,89.0,100.0,0.0,11.0,41.9
is there a cure for cancer,20,4.5,81.7,99.8,0.2,18.3,95.5
is vegetable oil bad for you,20,64.3,90.9,100.0,0.0,9.1,35.7
is white or black wire hot,17,0.0,74.6,100.0,0.0,19.8,99.7
itchy eardrums,20,68.2,95.2,100.0,0.0,4.8,31.8
jack fruit tree,17,0.0,75.8,99.9,0.0,13.6,96.9
jaw ache,17,0.0,78.3,100.0,0.0,16.1,94.6
jaw exercises,16,0.0,79.5,99.9,0.0,9.4,96.4
jeggings for women,8,0.0,56.1,98.8,0.0,23.9,74.5
jillian michaels 30 day shred,13,0.0,71.5,99.9,0.0,9.7,51.5
jordan football cleats,7,0.0,52.3,99.8,0.0,6.0,50.1
juniperus chinensis,14,0.0,67.5,100.0,0.0,6.2,49.3
keyboard piano,13,0.0,64.2,99.3,0.0,12.3,98.6
kids rain boots,10,0.0,60.0,100.0,0.0,16.9,48.8
kissing bug bite mark,20,55.6,92.1,99.8,0.2,7.9,44.4
kitchen corner cabinet,8,0.0,58.3,99.7,0.0,8.3,39.5
kitchen sink with drainboard,10,0.0,73.7,100.0,0.0,9.6,66.3
kitchen table and chairs,9,0.0,54.2,99.6,0.0,27.6,72.1
kitchen wall shelves,11,0.0,57.2,99.9,0.0,16.2,62.6
kitchen wallpapers,17,39.1,84.3,100.0,0.0,15.7,60.9
kitchens with butcher block countertops,14,64.0,89.8,100.0,0.0,10.2,36.0
knuckle rings,10,0.0,39.2,100.0,0.0,27.5,99.9
kre alkalyn,16,0.0,76.6,100.0,0.0,12.3,52.3
l-carnitine,19,0.0,75.1,99.6,0.0,19.9,64.6
lac hydrin,15,0.0,62.4,99.7,0.0,16.5,51.3
laser measuring tape,10,0.0,58.9,97.7,0.0,12.6,55.5
lath and plaster walls,14,0.0,80.6,100.0,0.0,1.8,19.8
lattice panels,9,0.0,47.4,100.0,0.0,27.6,96.8
laundry room,15,0.0,91.9,100.0,0.0,1.8,20.4
lawn irrigation system,15,8.1,90.2,100.0,0.0,9.8,91.9
leather lingerie,13,0.0,50.2,99.3,0.0,26.2,88.9
lecithin supplement,16,0.0,70.9,97.5,0.0,23.2,66.8
lemon juice,10,0.0,67.1,100.0,0.0,9.9,36.3
let plungers,15,13.6,89.0,100.0,0.0,11.0,86.4
lexington family practice,10,0.0,48.1,99.7,0.0,23.3,97.7
lg oled c1,12,0.0,82.3,98.6,0.0,10.0,50.4
lifting straps,18,2.9,82.9,100.0,0.0,17.1,97.1
light bright,9,0.0,47.3,100.0,0.0,12.7,98.4
lilac bush,19,21.1,88.8,100.0,0.0,11.2,78.9
lily of the valley flower,18,0.0,91.3,100.0,0.0,3.4,19.4
linen wrap dress,13,0.0,61.2,100.0,0.0,15.3,89.6
liothyronine sodium,15,0.0,75.7,99.8,0.0,18.0,95.0
lipase levels,17,73.6,93.0,99.8,0.2,7.0,26.4
liquid antacid,11,0.0,61.5,100.0,0.0,23.1,42.7
liquid screen protector,9,0.0,49.6,99.9,0.0,10.4,62.8
little tikes,4,0.0,26.5,99.8,0.0,9.8,93.6
living room fireplace ideas,16,0.0,88.6,100.0,0.0,5.5,55.0
living room interior design trends 2022,19,59.5,94.6,100.0,0.0,5.4,40.5
living room office ideas,17,47.7,92.5,100.0,0.0,7.5,52.3
living room setup ideas,17,62.9,96.5,100.0,0.0,3.5,37.1
livonia family physicians,8,0.0,53.7,99.7,0.0,19.0,87.4
ll bean percale sheets,11,0.0,64.4,99.8,0.0,20.2,83.0
lodge cast iron skillet,11,80.6,95.6,99.9,0.1,4.4,19.4
long white dresses for women,7,0.0,41.6,97.3,0.0,22.1,90.9
lotrimin,10,51.6,84.0,99.3,0.7,16.0,48.4
love in the jungle,12,0.0,72.3,100.0,0.0,7.7,71.0
low bookshelf,11,0.0,57.4,99.9,0.0,21.2,84.0
low cost fire pit landscape design,16,65.3,93.6,100.0,0.0,6.4,34.7
low sodium diet,16,0.0,76.8,99.9,0.0,12.1,48.7
lume deodorant reviews,15,0.0,76.4,100.0,0.0,11.8,54.3
lunchbox backpack,9,0.0,58.5,100.0,0.0,10.7,52.1
lupus feet pictures,18,0.0,83.4,99.9,0.0,11.4,63.2
luxury kitchen,17,0.0,86.4,99.9,0.0,8.0,55.8
lymphatic massage,17,0.0,88.9,100.0,0.0,5.6,43.9
lyrica medicine,18,37.0,73.1,99.6,0.4,26.9,63.0
lysol laundry sanitizer,8,0.0,59.1,99.6,0.0,7.5,24.4
macronutrients,18,12.2,83.7,99.8,0.2,16.3,87.8
maf sensors,12,0.0,73.9,100.0,0.0,11.8,53.1
magnum condoms,12,0.0,65.9,100.0,0.0,9.1,46.2
maid outfit for men,13,0.0,65.0,100.0,0.0,16.2,99.9
male chastity belt,14,0.0,56.9,99.9,0.0,16.8,99.8
male enhancement pills increase size reviews,14,41.9,78.2,97.2,2.8,21.8,58.1
male karen,11,0.0,71.4,100.0,0.0,13.2,98.7
master bathroom remodel,16,42.1,94.7,100.0,0.0,5.3,57.9
mattress topper king,8,0.0,63.7,98.9,0.0,9.0,43.9
maxitrol,13,0.0,74.9,99.7,0.0,11.8,46.4
medications for sinusitis,17,54.4,89.6,99.9,0.1,10.4,45.6
memorial day decorations,13,0.0,70.6,100.0,0.0,16.0,93.6
mens jackets,10,43.4,79.0,97.2,2.8,21.0,56.6
mens sweatpants,9,0.0,56.8,100.0,0.0,18.2,92.8
metal door paint,14,70.0,92.5,99.9,0.1,7.5,30.0
methocarbamol 500mg tablets,15,0.0,62.1,98.0,0.0,31.6,99.0
metronidazole gel,15,0.0,73.3,98.8,0.0,20.5,48.3
mexican chips,8,0.0,38.2,99.8,0.0,15.1,98.0
mexican petunia,19,0.0,90.7,100.0,0.0,4.3,50.6
micans philodendron,18,32.0,94.3,100.0,0.0,5.7,68.0
michelle forcier,9,0.0,35.9,99.6,0.0,33.3,99.4
mid90s,12,0.0,77.2,100.0,0.0,15.1,87.5
milestone birthday,15,0.0,80.7,100.0,0.0,2.7,19.8
million bells flowers,16,0.0,83.1,100.0,0.0,1.2,8.3
mini freezers,10,0.0,65.1,98.0,0.0,18.2,76.3
mini upright freezer,10,0.0,71.3,99.8,0.0,12.0,27.4
minimalist style interior design,19,92.8,98.2,100.0,0.0,1.8,7.2
minit medical,8,0.0,56.4,100.0,0.0,10.3,56.9
mo dao zu shi novel,7,0.0,34.6,100.0,0.0,15.4,79.4
modern kitchen cabinets colors,16,90.2,98.4,100.0,0.0,1.6,9.8
mold in bathroom ceiling,18,28.3,86.3,100.0,0.0,13.7,71.7
mold removal services,20,66.8,90.6,99.9,0.1,9.4,33.2
money plant,18,0.0,85.8,100.0,0.0,4.2,26.1
monopoly game,15,0.0,79.9,100.0,0.0,8.3,23.8
monster truck toys,7,0.0,24.3,99.7,0.0,25.7,94.0
monsterra,10,0.0,63.9,99.7,0.0,13.0,75.7
morning sickness,20,3.0,80.4,99.7,0.3,19.6,97.0
motorcycle accessories,15,0.0,55.7,100.0,0.0,27.7,98.9
mounjaro,16,26.8,74.4,99.0,1.0,25.6,73.2
mountain sole sandals,7,0.0,35.1,99.9,0.0,6.0,64.0
mowing lawn,17,86.3,97.5,100.0,0.0,2.5,13.7
mullein herb,20,7.4,83.2,100.0,0.0,16.8,92.6
mushroom squishmallow,10,0.0,21.8,80.3,0.0,40.7,96.2
mushroom wallpaper,13,0.0,61.2,99.9,0.0,25.4,94.0
native shampoo review,6,0.0,42.6,100.0,0.0,24.1,72.8
natural souls shoes,5,0.0,28.9,99.9,0.0,21.1,95.3
nepeta plant,19,0.0,90.1,100.0,0.0,4.9,41.3
neutral ground sherwin williams,10,0.0,71.5,99.4,0.0,5.4,15.7
newborn rash on face,19,1.1,78.9,100.0,0.0,21.1,98.9
nexplanon reviews,15,0.0,73.0,99.8,0.0,20.8,67.5
night eating syndrome,16,0.0,76.4,99.9,0.0,17.7,63.2
nightshades food,18,0.0,90.8,100.0,0.0,3.9,21.0
nike blazer low 77,8,0.0,40.9,99.7,0.0,31.8,99.8
nike renew run,11,0.0,48.3,99.5,0.0,25.0,89.3
nirvana sweatshirt,8,0.0,32.4,99.0,0.0,17.6,94.7
no boundaries clothing,7,0.0,29.1,92.2,0.0,24.8,90.5
no energy tired all the time,20,43.2,83.6,99.9,0.1,16.4,56.8
no tie shoe lace,11,0.0,65.1,99.8,0.0,13.5,65.2
norel ad,12,0.0,63.6,96.4,0.0,22.2,56.6
npk meaning,19,0.0,87.4,100.0,0.0,7.6,61.0
number card,14,0.0,68.4,99.9,0.0,19.1,66.6
nutrafol for women,18,0.0,77.0,99.9,0.0,17.8,56.1
nutrafol reviews,15,0.0,77.5,99.9,0.0,10.7,55.5
nyx brow glue,8,0.0,65.1,98.2,0.0,7.6,46.9
ocd symptoms,15,53.7,85.0,99.8,0.2,15.0,46.3
odd,20,5.4,82.0,99.7,0.3,18.0,94.6
office chair mat,9,0.0,60.6,99.2,0.0,8.7,29.7
oily face,19,0.0,88.0,100.0,0.0,7.0,44.5
okg,13,0.0,69.9,100.0,0.0,11.3,50.6
ondansetron 4mg,15,0.0,71.8,98.8,0.0,21.9,67.4
orange milkweed,16,9.0,88.6,99.9,0.1,11.4,91.0
orchid cactus,13,0.0,72.2,99.9,0.0,9.0,72.7
ostomy bag,16,60.2,89.1,99.6,0.4,10.9,39.8
ottoman coffee table,8,0.0,51.1,96.8,0.0,21.6,64.1
our journey together trump,11,0.0,65.6,100.0,0.0,13.0,76.1
ovarian cancer real pictures,15,0.0,60.4,99.8,0.0,18.5,96.9
overdose on melatonin,17,52.5,81.8,99.9,0.1,18.2,47.5
oversized t shirt women,11,0.0,59.6,99.9,0.0,25.0,87.3
ovide,9,0.0,46.0,99.8,0.0,10.2,97.7
ovulation day calculator,17,7.8,80.1,99.7,0.3,19.9,92.2
oxycodone side effects,18,0.0,77.6,99.9,0.0,17.2,45.7
pain relief,18,1.8,75.9,99.9,0.1,24.1,98.2
pain right side abdomen,18,0.0,74.9,99.6,0.0,19.9,72.2
paint colors that go with beige walls,13,0.0,81.0,100.0,0.0,11.8,96.8
paint walls or trim first,15,0.0,73.9,99.8,0.0,14.4,73.4
painted fireplaces,17,7.3,89.3,100.0,0.0,10.7,92.7
painted stairs ideas,17,72.5,97.0,100.0,0.0,3.0,27.5
pantoprazole 20 mg,18,23.2,76.2,99.6,0.4,23.8,76.8
passport holder women,8,0.0,64.0,99.2,0.0,8.7,57.6
penguin squishmallow,11,0.0,38.6,98.8,0.0,34.7,96.3
percocet 10,18,0.0,80.5,99.8,0.0,14.2,44.4
pericardial effusion,15,0.0,82.4,100.0,0.0,11.3,52.7
pet corrector,9,0.0,48.6,100.0,0.0,7.6,60.7
philodendron birkin care,19,24.0,88.7,99.9,0.1,11.3,76.0
pictures of cellulitis,15,0.0,75.2,99.4,0.0,13.1,96.9
pimples in eyelid,19,0.0,83.9,99.9,0.0,11.1,53.0
pine nut benefit,18,0.0,80.4,100.0,0.0,14.4,67.3
pink quill,18,0.0,85.1,100.0,0.0,9.7,60.3
pinworm infection,19,51.0,89.1,99.9,0.1,10.9,49.0
plant potatoes,18,83.4,95.7,100.0,0.0,4.3,16.6
planting blueberries,15,0.0,80.7,100.0,0.0,2.6,18.7
plaster wall,16,0.0,89.4,100.0,0.0,4.7,49.6
playing card holder,11,0.0,51.6,99.9,0.0,17.2,99.5
playstation 2,9,0.0,43.0,99.8,0.0,13.2,95.7
pleurisy symptoms,18,0.0,87.4,99.8,0.0,7.3,26.3
plexion cleanser,13,0.0,57.8,100.0,0.0,23.5,98.2
plus size skort,7,0.0,36.1,98.9,0.0,13.9,83.0
pomegranate vitamins,17,0.0,75.8,100.0,0.0,13.7,88.1
pool house ideas,17,2.4,87.0,100.0,0.0,13.0,97.6
pool noodle,8,0.0,65.6,99.9,0.0,7.1,54.9
pop its,12,0.0,42.2,99.9,0.0,28.4,84.9
portable dishwasher on wheels,8,0.0,54.6,100.0,0.0,6.9,42.4
portable washer and dryer for apartments without hookups,14,0.0,67.1,99.8,0.0,26.2,98.0
posture corrector,13,0.0,68.2,99.7,0.0,8.2,34.4
power surge protector,13,0.0,79.1,99.9,0.0,7.6,26.1
preparing for colonoscopy,16,51.3,89.9,99.9,0.1,10.1,48.7
pressure back of head,20,8.1,84.5,100.0,0.0,15.5,91.9
pressure in back of head,19,8.1,82.4,98.9,1.1,17.6,91.9
pride and prejudice book,14,0.0,66.9,100.0,0.0,10.9,71.4
prime days,18,0.0,86.1,99.7,0.0,8.7,33.6
prime movies,17,0.0,74.5,99.9,0.0,19.9,99.6
pristiq side effects,17,0.0,58.5,93.2,0.0,35.9,71.5
prolotherapy near me,16,0.0,84.3,100.0,0.0,9.8,69.4
prozac medication,18,27.4,73.9,99.9,0.1,26.1,72.6
prozac side effects in women,18,40.8,77.8,99.8,0.2,22.2,59.2
prune juice for babies,15,0.0,74.6,100.0,0.0,13.7,66.8
prv valve,12,5.4,87.1,100.0,0.0,12.9,94.6
psoriasis on black skin,17,41.3,89.5,100.0,0.0,10.5,58.7
psyllium husk,14,0.0,83.6,99.8,0.0,9.7,37.2
ptsd treatment,16,7.4,73.2,97.0,3.0,26.8,92.6
pulled hamstring,18,1.5,83.3,100.0,0.0,16.7,98.5
punk 57,14,0.0,66.6,100.0,0.0,15.8,71.6
purple velvet plant,19,31.8,91.8,99.9,0.1,8.2,68.2
pyridostigmine bromide,16,0.0,80.8,99.9,0.0,13.3,62.7
radiant heat,13,85.7,97.8,100.0,0.0,2.2,14.3
railing height code,13,0.0,74.6,100.0,0.0,6.7,58.3
rainbow bridge poem,14,0.0,79.8,100.0,0.0,7.7,85.5
raisins nutrition,17,0.0,88.8,100.0,0.0,5.7,57.3
range finder,13,0.0,59.8,99.5,0.0,26.9,99.7
rash guard women,13,0.0,64.0,100.0,0.0,22.7,79.8
reading chair,14,0.0,79.0,100.0,0.0,14.3,67.3
rechargeable flashlight,14,0.0,86.7,98.9,0.0,6.6,17.2
rectangular living room layout with tv,15,71.1,94.8,100.0,0.0,5.2,28.9
red and black bugs in garden,18,50.8,92.8,100.0,0.0,7.2,49.2
red assassin bug,14,0.0,68.7,100.0,0.0,9.1,93.9
red blotches on skin,20,0.9,73.9,98.2,1.8,26.1,99.1
red grass,18,0.0,90.9,100.0,0.0,3.9,34.5
redeeming love book,15,0.0,74.4,100.0,0.0,13.8,71.4
reiki massage,15,0.0,85.9,100.0,0.0,7.8,45.5
repotting orchids,18,8.9,88.2,100.0,0.0,11.8,91.1
resource guarding in dogs,19,71.1,95.1,100.0,0.0,4.9,28.9
resurface bathtub,17,91.1,97.5,100.0,0.0,2.5,8.9
retractable baby gate,8,0.0,48.5,99.8,0.0,8.7,37.8
retractable sun shade,15,0.0,72.6,99.9,0.0,15.6,99.5
revatio,16,0.0,72.3,99.9,0.0,21.8,63.7
reverse diabetes,17,55.1,94.4,99.9,0.1,5.6,44.9
river shoes,16,0.0,78.0,99.9,0.0,10.8,36.0
robot pool vacuum,14,0.0,77.7,100.0,0.0,9.8,49.6
rompers,9,0.0,61.4,100.0,0.0,20.4,80.3
room drawing,14,0.0,77.2,99.8,0.0,16.1,96.9
rope,15,0.0,69.2,99.9,0.0,24.6,92.6
rose care,14,0.0,81.4,100.0,0.0,6.1,49.8
rosier miniature rose,13,0.0,85.1,100.0,0.0,1.6,11.6
roulette wheel,10,0.0,47.5,99.8,0.0,15.0,99.3
round wood coffee table,7,0.0,47.5,99.7,0.0,10.8,63.4
rub n buff,13,0.0,58.4,98.5,0.0,13.8,89.2
ruched midi dress,10,0.0,48.0,99.9,0.0,23.5,86.5
rudbeckia,18,0.0,84.1,100.0,0.0,10.6,61.8
rug over carpet,14,56.7,94.1,100.0,0.0,5.9,43.3
runners knee,18,0.0,83.8,100.0,0.0,10.9,85.9
rust stains on clothes,18,51.5,91.6,100.0,0.0,8.4,48.5
sage tea,12,0.0,71.5,99.9,0.0,8.5,45.8
saline spray for piercings,13,0.0,72.4,99.8,0.0,8.8,29.7
salish matter,6,0.0,37.8,96.3,0.0,16.7,87.2
salt rooms,20,77.1,96.1,100.0,0.0,3.9,22.9
sambac jasmine,15,44.7,90.4,100.0,0.0,9.6,55.3
samsung a13,12,0.0,61.5,99.9,0.0,9.1,53.7
samsung galaxy a10e,14,0.1,72.6,100.0,0.0,27.4,99.9
satsuma orange,18,0.0,86.7,100.0,0.0,8.0,56.8
scalp psoriasis causes,19,62.5,86.7,99.9,0.1,13.3,37.5
schilling test,13,0.0,69.7,100.0,0.0,6.8,46.1
screened in back porch ideas,14,59.4,90.2,100.0,0.0,9.8,40.6
screw extractor,12,0.0,66.0,99.4,0.0,19.8,92.4
sea moss health benefits,18,10.3,77.1,99.9,0.1,22.9,89.7
self cleaning oven,18,55.2,89.6,100.0,0.0,10.4,44.8
semi formal wear,11,0.0,78.8,99.8,0.0,5.8,31.9
senna side effects,18,41.6,87.0,100.0,0.0,13.0,58.4
septic,17,0.0,68.2,99.9,0.0,16.8,89.0
septic pump out,18,55.3,91.6,100.0,0.0,8.4,44.7
sequin bodysuit,11,0.0,33.5,86.4,0.0,35.2,96.7
sertraline 50mg,15,0.0,69.2,99.0,0.0,24.5,59.9
shamrock vs clover,19,0.0,89.5,100.0,0.0,5.5,40.2
sharp tvs,9,0.0,46.8,99.8,0.0,17.5,90.6
shea butter,19,0.0,87.3,100.0,0.0,7.7,33.6
sheepskin rug,13,0.0,71.5,99.9,0.0,15.1,75.8
shelf in laundry room,12,0.0,80.3,100.0,0.0,12.0,55.6
shingles on leg pictures,17,0.0,75.8,99.8,0.0,18.6,96.9
shoe cabinet entryway,8,0.0,49.7,100.0,0.0,11.9,69.1
shop fans,10,0.0,64.5,99.9,0.0,12.4,68.7
short jumpsuits for women,5,0.0,46.5,99.8,0.0,9.1,70.0
should you wash new sheets,18,0.0,90.6,100.0,0.0,4.2,22.2
shoulder impingement,15,0.0,86.8,99.9,0.0,1.5,7.8
shower rack,9,0.0,55.7,99.9,0.0,4.3,26.1
side table lamps,12,0.0,72.2,100.0,0.0,13.5,94.7
siding materials,14,70.4,93.0,100.0,0.0,7.0,29.6
signs mirena is wearing off,18,4.3,82.0,100.0,0.0,18.0,95.7
signs your dog loves you,16,89.4,98.3,100.0,0.0,1.7,10.6
sildenafil side effects,18,39.4,67.3,92.2,7.8,32.7,60.6
simp card,13,0.0,50.3,99.1,0.0,30.9,100.0
simple nursery,16,0.0,85.5,100.0,0.0,8.7,58.9
simple small bathroom ideas,16,51.1,95.9,100.0,0.0,4.1,48.9
sing unburied sing,14,0.0,77.3,100.0,0.0,16.0,85.0
sk tools,10,0.0,52.9,99.8,0.0,24.0,86.2
skin growths pictures,19,15.8,78.7,99.9,0.1,21.3,84.2
sleep apnea treatment,19,53.9,86.0,100.0,0.0,14.0,46.1
slugs in garden,18,0.0,91.6,100.0,0.0,3.2,52.6
small bedroom lighting ideas,19,68.0,93.2,100.0,0.0,6.8,32.0
small deep freezer,8,0.0,69.8,99.7,0.0,10.2,27.8
small galley kitchen ideas on a budget,16,91.5,99.1,100.0,0.0,0.9,8.5
small gold hoop earrings,9,0.0,33.6,67.4,0.0,41.4,96.0
small kitchen backsplash ideas,16,60.2,96.3,99.9,0.1,3.7,39.8
small pond ideas with waterfall,13,0.0,85.5,100.0,0.0,7.3,50.9
small riding lawn mower,10,0.0,76.4,99.5,0.0,6.9,26.1
small spiders,13,0.0,65.7,100.0,0.0,6.5,57.5
small stackable washer and dryer,14,0.0,79.9,100.0,0.0,13.4,56.4
small yellow flowers,19,63.9,95.2,100.0,0.0,4.8,36.1
smart garage door opener,14,0.0,76.3,99.6,0.0,11.2,56.7
snap in dentures,19,52.0,92.8,100.0,0.0,7.2,48.0
snow mold,20,73.9,96.7,100.0,0.0,3.3,26.1
snuggie,9,0.0,42.1,99.9,0.0,14.1,73.0
soccer net,14,0.0,75.6,99.9,0.0,11.9,54.9
social anxiety,18,0.0,81.7,99.9,0.0,13.1,42.8
sod installation near me,16,3.9,87.3,100.0,0.0,12.7,96.1
sofra,9,0.0,57.5,100.0,0.0,11.7,98.0
sounds of birds,14,0.0,69.1,100.0,0.0,4.6,38.5
sparkles dress,9,0.0,44.9,99.8,0.0,24.3,65.5
spatula,13,0.0,59.1,99.8,0.0,27.5,100.0
spider bites on leg,20,27.2,76.9,99.7,0.3,23.1,72.8
spider gag,11,0.0,52.3,99.8,0.0,12.4,67.3
splenic flexure syndrome,15,0.0,85.8,100.0,0.0,7.9,53.5
sqs,17,0.0,75.2,99.5,0.0,19.2,96.6
sre,15,0.0,77.8,99.9,0.0,10.4,48.7
stages of wound healing pictures,17,0.0,79.5,100.0,0.0,14.9,96.9
standard outlet height,13,0.0,71.9,99.9,0.0,14.7,95.4
staph infection on leg,18,0.0,73.8,99.5,0.0,20.9,75.0
steeping tea,18,52.6,90.5,100.0,0.0,9.5,47.4
stitch squishmallow,8,0.0,23.2,88.5,0.0,21.3,75.5
stomach fat workout,16,0.0,80.3,99.9,0.0,13.8,54.7
stony brook advanced pediatric care,11,0.0,63.3,99.9,0.0,10.1,47.0
storagw,7,0.0,54.4,99.9,0.0,3.9,38.4
store outdoor furniture,10,0.0,74.2,100.0,0.0,16.7,95.8
strain injury symptoms,19,56.2,92.2,100.0,0.0,7.8,43.8
stranger things gifts,18,1.3,82.6,99.9,0.1,17.4,98.7
strap on,19,10.0,76.3,99.8,0.2,23.7,90.0
string of dolphins plant,16,0.0,77.9,100.0,0.0,16.3,68.1
string-of-pearls,18,0.0,82.2,100.0,0.0,12.5,84.5
stye in eye,18,0.0,80.0,99.9,0.0,14.7,55.7
succulent subscription,17,0.0,82.1,100.0,0.0,12.3,64.9
sugar free maple syrup,13,0.0,68.5,98.8,0.0,18.2,86.2
sun poisoning treatment at home,20,29.3,88.1,100.0,0.0,11.9,70.7
sun umbrella,11,0.0,64.5,99.9,0.0,20.1,97.1
sweat headbands,11,0.0,60.0,99.9,0.0,8.8,47.7
sweet pea bush,16,0.0,87.0,100.0,0.0,7.1,88.8
switch plate covers,11,0.0,63.0,99.9,0.0,15.5,93.0
tankini with shorts,10,0.0,63.9,99.4,0.0,27.0,99.9
tape recorder,12,0.0,62.2,99.9,0.0,12.8,72.0
tattoo numbing cream,15,0.0,67.1,99.9,0.0,16.2,72.5
taurine benefits,20,33.7,82.2,100.0,0.0,17.8,66.3
te de manzanilla,14,0.0,71.8,100.0,0.0,1.9,26.1
teacher bag,15,0.0,70.8,100.0,0.0,12.5,56.9
tech backpack,17,27.8,76.6,100.0,0.0,23.4,72.2
technica open ear headphones,8,0.0,54.8,99.9,0.0,2.3,15.2
tent hammock,17,0.0,85.0,99.9,0.0,9.5,74.4
termite vs ant,17,52.1,88.6,100.0,0.0,11.4,47.9
the last cuentista,14,0.0,63.0,100.0,0.0,14.7,73.9
the lost book of herbal remedies,13,0.0,63.6,100.0,0.0,17.7,99.9
thistle flower,16,9.8,83.3,100.0,0.0,16.7,90.2
thorazine side effects,19,1.3,78.8,99.3,0.7,21.2,98.7
tilapia nutrition,13,12.4,85.6,100.0,0.0,14.4,87.6
tingling fingers,19,30.9,88.5,99.6,0.4,11.5,69.1
tiny house village,17,0.0,88.3,100.0,0.0,6.1,50.6
tire valve caps,6,0.0,25.9,96.7,0.0,20.3,93.8
toenail clippers for thick nails,12,0.0,56.5,99.9,0.0,18.5,58.9
toilet flapper replacement,12,0.0,63.0,99.9,0.0,12.0,87.3
toilet running,17,0.0,85.4,100.0,0.0,9.0,38.3
top 10 iron-rich foods,18,0.0,83.4,100.0,0.0,11.3,54.0
top gun 2 release date dvd,14,0.0,76.9,100.0,0.0,10.6,52.7
top of foot pain,20,5.7,82.2,100.0,0.0,17.8,94.3
topical cream antifungal,16,0.0,72.7,99.4,0.0,21.4,90.3
topiramate 50 mg,16,0.0,61.7,95.5,0.0,22.5,61.3
torch lily,16,0.0,77.1,100.0,0.0,7.1,80.2
torch scorch,15,0.0,44.0,94.9,0.0,39.4,99.3
toshiba satellite,12,0.0,58.6,97.9,0.0,16.4,97.6
towel storage ideas,16,30.6,93.8,99.9,0.1,6.2,69.4
toy story shirt,8,0.0,43.7,98.5,0.0,17.8,64.5
toys for 2 year old boys,15,0.0,86.8,99.9,0.0,6.9,67.0
trash bin,10,0.0,37.3,99.8,0.0,34.1,97.7
tree stump grinding,18,31.6,83.7,100.0,0.0,16.3,68.4
treehouse for kids,12,0.0,69.4,99.9,0.0,10.6,96.4
trendy sunglasses,13,0.0,56.8,99.9,0.0,24.5,86.6
tri lo mili,14,0.0,63.6,97.6,0.0,23.9,97.4
triamcinolone 0.1 cream,16,0.0,72.4,99.4,0.0,21.7,97.8
tropical kiss,12,0.0,54.7,100.0,0.0,15.9,76.1
tub surround ideas,13,70.0,94.9,100.0,0.0,5.1,30.0
tubal reversal,20,39.7,93.9,100.0,0.0,6.1,60.3
tuckpointing,16,20.1,88.6,100.0,0.0,11.4,79.9
turquoise jewelry,12,0.0,55.5,99.9,0.0,19.5,81.0
types of arthritis,16,0.0,72.6,100.0,0.0,16.3,97.6
types of house plants,17,0.0,83.1,100.0,0.0,6.4,22.2
types of windows for home,18,67.9,89.9,99.9,0.1,10.1,32.1
ubrelvy 100 mg,17,0.0,62.5,95.7,0.0,31.9,97.7
under bed restraints,15,0.0,67.1,100.0,0.0,16.2,68.0
under counter ice maker,13,2.8,85.6,99.9,0.1,14.4,97.2
upright walker,13,0.0,68.5,99.9,0.0,12.8,76.1
uproot clean,8,0.0,54.6,99.0,0.0,7.0,24.3
uric acid reducer,15,0.0,68.7,99.9,0.0,14.6,88.2
urinary tract infection treatments,17,0.0,73.9,99.1,0.0,20.6,92.8
usb b cable,12,0.0,43.2,99.8,0.0,27.4,99.1
usb camera,16,0.0,61.1,99.4,0.0,23.1,95.1
ushanka,10,0.0,50.4,99.9,0.0,12.1,87.2
utilitech fan,5,0.0,35.9,100.0,0.0,5.7,44.2
vacuum seal storage bags,7,0.0,57.1,99.9,0.0,6.6,32.1
van cleef bracelet,10,0.0,39.6,99.9,0.0,27.1,73.7
vanesa amaro,11,0.0,72.7,100.0,0.0,18.9,67.1
vc andrews movies,12,0.0,64.5,99.9,0.0,10.5,54.0
vendor central,17,20.6,82.9,99.9,0.1,17.1,79.4
venofer,16,0.0,57.1,97.9,0.0,31.8,99.0
vestibular migraine symptoms,17,69.5,93.9,100.0,0.0,6.1,30.5
via surrogate meaning,18,2.2,87.5,100.0,0.0,12.5,97.8
viral vs bacterial,20,30.4,79.2,99.9,0.1,20.8,69.6
virtual pet,11,0.0,56.4,100.0,0.0,12.4,65.9
vitamin c daily dose,19,4.6,78.5,98.5,1.5,21.5,95.4
vomit,17,0.0,81.9,100.0,0.0,7.6,29.0
wakix,17,0.0,64.7,98.1,0.0,24.8,90.0
walking pneumonia,19,9.1,72.6,100.0,0.0,27.4,90.9
wall texture,9,0.0,58.5,100.0,0.0,16.5,96.9
wallpaper for bathroom,16,32.5,86.4,100.0,0.0,13.6,67.5
warm scandinavian living room,16,77.3,92.4,100.0,0.0,7.6,22.7
washer dryer stackable,10,0.0,64.3,100.0,0.0,7.2,34.6
watch avatar,14,0.0,64.4,98.8,0.0,29.0,51.5
water heater making noise,18,4.6,77.9,100.0,0.0,22.1,95.4
water heater not heating,18,53.0,89.9,100.0,0.0,10.1,47.0
water lillies,15,0.0,70.5,100.0,0.0,12.8,91.3
water line for fridge,12,0.0,58.6,96.7,0.0,33.7,77.0
water stain remover,20,48.4,93.9,100.0,0.0,6.1,51.6
waterproof fanny pack,14,0.0,65.0,99.6,0.0,12.8,60.1
waterproof outdoor carpet for decks,11,0.0,56.0,99.5,0.0,22.6,99.8
weber smokey mountains,11,0.0,56.3,99.9,0.0,22.2,94.4
what are weevils,18,0.0,80.4,100.0,0.0,14.3,64.9
what causes jock itch,20,27.8,83.3,99.9,0.1,16.7,72.2
what do pimple patches do,18,15.0,91.9,99.9,0.1,8.1,85.0
what does accutane do,18,0.0,78.8,99.9,0.0,15.9,51.1
what does cancer look like,18,0.0,73.3,100.0,0.0,21.4,84.2
what does root rot look like,17,0.0,86.7,100.0,0.0,7.7,61.2
what holidays are in september,15,0.0,81.2,100.0,0.0,2.1,11.5
what is a cold sore,19,22.5,84.6,99.9,0.1,15.4,77.5
what is a down comforter,16,0.0,88.1,100.0,0.0,6.0,47.7
what is a low heart rate,19,46.6,79.5,99.9,0.1,20.5,53.4
what is a muscle knot,19,64.6,94.4,100.0,0.0,5.6,35.4
what is a three way switch,16,0.0,77.7,99.9,0.0,16.4,89.4
what is carrageenan,17,47.7,85.5,99.9,0.1,14.5,52.3
what is cassava flour,18,0.0,80.7,100.0,0.0,9.3,50.2
what is cialis,16,0.0,71.6,98.8,0.0,22.6,69.9
what is cranberry juice good for,19,2.8,82.3,99.4,0.6,17.7,97.2
what is dmaa,19,61.0,90.1,100.0,0.0,9.9,39.0
what is fingering,15,0.0,67.1,100.0,0.0,11.9,62.0
what is lactaid,17,0.0,72.7,100.0,0.0,21.7,94.8
what is omad,19,56.8,93.3,99.8,0.2,6.7,43.2
what is red 40,18,18.1,81.3,100.0,0.0,18.7,81.9
what is strep throat,19,62.3,89.0,99.9,0.1,11.0,37.7
what is the best treatment for liver cirrhosis,17,48.4,85.1,99.7,0.3,14.9,51.6
what is zoloft used for,17,40.1,73.3,99.6,0.4,26.7,59.9
what to do for sciatica pain,18,49.1,87.5,100.0,0.0,12.5,50.9
what to do if you are constipated,20,43.5,84.1,100.0,0.0,15.9,56.5
what to put on a wasp sting,19,26.2,76.7,100.0,0.0,23.3,73.8
what to send when someone dies instead of flowers,18,66.9,93.0,99.9,0.1,7.0,33.1
what's the difference between alzheimer's and dementia,20,1.8,72.3,99.9,0.1,27.7,98.2
whats a uti,18,37.0,81.0,99.4,0.6,19.0,63.0
when to trim hydrangeas,17,0.0,93.2,100.0,0.0,1.3,10.2
where can i get phentermine to lose weight,19,3.5,80.5,99.7,0.3,19.5,96.5
where to hang curtain rods,16,0.0,93.3,100.0,0.0,0.9,7.3
which witch is which,9,0.0,50.2,100.0,0.0,6.1,58.0
white button down shirt,11,0.0,77.6,100.0,0.0,7.0,26.1
white spots on uvula,18,0.0,76.8,100.0,0.0,17.9,92.1
why are my tomato plants turning yellow,18,41.5,87.0,99.9,0.1,13.0,58.5
why are there so many flies outside my house,17,0.0,83.9,100.0,0.0,10.5,52.5
why do you get charley horses,20,59.8,91.8,100.0,0.0,8.2,40.2
why does my tailbone hurt,20,3.1,83.3,99.5,0.5,16.7,96.9
why is my throw up yellow,17,53.5,91.2,100.0,0.0,8.8,46.5
wild yam cream,18,0.0,81.9,100.0,0.0,12.9,87.2
winged ants,19,0.0,74.5,99.8,0.0,20.5,92.7
winvin,4,0.0,34.3,99.8,0.0,5.7,44.0
wisteria vines,17,0.0,86.7,100.0,0.0,7.8,50.3
witch hat,10,0.0,44.5,99.9,0.0,18.0,96.9
wolf spiders poisonous,18,2.6,75.9,100.0,0.0,24.1,97.4
women hey dude shoes,9,0.0,36.2,99.5,0.0,23.8,91.3
women's work pants,10,0.0,60.1,99.8,0.0,23.2,72.5
womens bmi calculator,20,8.9,64.4,99.9,0.1,35.6,91.1
womens cargo pants,12,0.0,64.3,100.0,0.0,21.4,71.1
wood nails,11,0.0,54.5,99.9,0.0,18.8,87.3
wood pallets for sale,17,3.6,74.7,99.5,0.5,25.3,96.4
wooden swing sets,11,0.0,69.2,100.0,0.0,9.4,38.8
workout sets for women,10,2.1,65.7,96.5,3.5,34.3,97.9
world health organization travel passport,17,0.0,76.0,99.9,0.0,13.5,67.3
xanatrol,12,0.0,62.2,100.0,0.0,12.8,63.0
xbox one power supply,9,0.0,43.2,98.6,0.0,31.8,97.8
xel 3a cardholder cases,4,0.0,17.9,67.1,0.0,39.3,98.2
xeriscaping backyard,17,44.0,95.5,100.0,0.0,4.5,56.0
xtratuf boots,11,0.0,51.5,100.0,0.0,13.2,93.6
yard landscaping,14,0.0,77.5,100.0,0.0,15.9,96.9
yarrow flower,15,0.0,89.3,100.0,0.0,4.5,40.4
yeast infection cure,19,41.9,84.4,100.0,0.0,15.6,58.1
yellow crookneck squash,16,0.0,89.0,100.0,0.0,5.1,24.6
yellow slip dress,8,0.0,36.5,99.0,0.0,20.7,72.4
yoni pearls,16,0.2,78.1,100.0,0.0,21.9,99.8
yor forger cosplay,13,0.0,47.6,99.9,0.0,28.8,83.7
zinus bed frame,11,0.0,66.8,99.8,0.0,11.8,60.9
zip up bedding,11,0.0,69.8,100.0,0.0,14.8,67.2
